Player,Team,Opp,Date,Season,Week,Status,Injury,Specific_Inj,Side
Andrew Whitworth,LAR,TAM,2020-11-23,2020,11,Injured Reserve,,,
Andrew Whitworth,LAR,SFO,2020-11-29,2020,12,Injured Reserve,,,
Andrew Whitworth,LAR,ARI,2020-12-06,2020,13,Injured Reserve,,,
Andrew Whitworth,LAR,NWE,2020-12-10,2020,14,Injured Reserve,,,
Andrew Whitworth,LAR,NYJ,2020-12-20,2020,15,Injured Reserve,,,
Andrew Whitworth,LAR,SEA,2020-12-27,2020,16,Injured Reserve,,,
Andrew Whitworth,LAR,ARI,2021-01-03,2020,17,Injured Reserve,,,
