Player,Team,Opp,Date,Season,Week,Status,Injury,Specific_Inj,Side
Donald Stephenson,DEN,CIN,2016-09-25,2016,3,Out,calf,,
Donald Stephenson,DEN,TAM,2016-10-02,2016,4,Out,calf,,
Donald Stephenson,DEN,ATL,2016-10-09,2016,5,Questionable,calf,,
Donald Stephenson,DEN,LAC,2017-10-22,2017,7,Out,Calf,,
Donald Stephenson,DEN,KAN,2017-10-30,2017,8,Out,Calf,,
Donald Stephenson,DEN,PHI,2017-11-05,2017,9,Out,Calf,,
Donald Stephenson,DEN,NWE,2017-11-12,2017,10,Questionable,Calf,,
Donald Stephenson,DEN,CIN,2017-11-19,2017,11,Questionable,Calf,,
Donald Stephenson,DEN,KAN,2017-12-31,2017,17,Questionable,Hand,,
