Player,Team,Opp,Date,Season,Week,Status,Injury,Specific_Inj,Side
Earl Mitchell,MIA,NWE,2016-09-18,2016,2,Injured Reserve,Calf,,
Earl Mitchell,MIA,CLE,2016-09-25,2016,3,Injured Reserve,Calf,,
Earl Mitchell,MIA,CIN,2016-09-29,2016,4,Injured Reserve,Calf,,
Earl Mitchell,MIA,TEN,2016-10-09,2016,5,Injured Reserve,Calf,,
Earl Mitchell,MIA,PIT,2016-10-16,2016,6,Injured Reserve,Calf,,
Earl Mitchell,MIA,BUF,2016-10-23,2016,7,Injured Reserve,Calf,,
Earl Mitchell,MIA,NYJ,2016-11-06,2016,9,Injured Reserve,Calf,,
