Player,Team,Opp,Date,Season,Week,Status,Injury,Specific_Inj,Side
Jacob Tamme,ATL,TAM,2016-11-03,2016,9,Injured Reserve,Shoulder,,
Jacob Tamme,ATL,PHI,2016-11-13,2016,10,Injured Reserve,Shoulder,,
Jacob Tamme,ATL,ARI,2016-11-27,2016,12,Injured Reserve,Shoulder,,
Jacob Tamme,ATL,KAN,2016-12-04,2016,13,Injured Reserve,Shoulder,,
Jacob Tamme,ATL,LAR,2016-12-11,2016,14,Injured Reserve,Shoulder,,
Jacob Tamme,ATL,SFO,2016-12-18,2016,15,Injured Reserve,Shoulder,,
Jacob Tamme,ATL,CAR,2016-12-24,2016,16,Injured Reserve,Shoulder,,
Jacob Tamme,ATL,NOR,2017-01-01,2016,17,Injured Reserve,Shoulder,,
