Player,Team,Opp,Date,Season,Week,Status,Injury,Specific_Inj,Side
Julius Thomas,JAX,BUF,2016-11-27,2016,12,Injured Reserve,Back,,
Julius Thomas,JAX,DEN,2016-12-04,2016,13,Injured Reserve,Back,,
Julius Thomas,JAX,MIN,2016-12-11,2016,14,Injured Reserve,Back,,
Julius Thomas,JAX,HOU,2016-12-18,2016,15,Injured Reserve,Back,,
Julius Thomas,JAX,TEN,2016-12-24,2016,16,Injured Reserve,Back,,
Julius Thomas,JAX,IND,2017-01-01,2016,17,Injured Reserve,Back,,
Julius Thomas,MIA,KAN,2017-12-24,2017,16,Injured Reserve,Foot,,
Julius Thomas,MIA,BUF,2017-12-31,2017,17,Injured Reserve,Foot,,
