Player,Team,Opp,Date,Season,Week,Status,Injury,Specific_Inj,Side
Marcedes Lewis,JAX,BUF,2016-11-27,2016,12,Injured Reserve,Calf,,
Marcedes Lewis,JAX,DEN,2016-12-04,2016,13,Injured Reserve,Calf,,
Marcedes Lewis,JAX,MIN,2016-12-11,2016,14,Injured Reserve,Calf,,
Marcedes Lewis,JAX,HOU,2016-12-18,2016,15,Injured Reserve,Calf,,
Marcedes Lewis,JAX,TEN,2016-12-24,2016,16,Injured Reserve,Calf,,
Marcedes Lewis,JAX,IND,2017-01-01,2016,17,Injured Reserve,Calf,,
Marcedes Lewis,GNB,ATL,2020-10-05,2020,4,Doubtful,Knee,,
