Player,Team,Opp,Date,Season,Week,Status,Injury,Specific_Inj,Side
Matt Overton,JAX,CLE,2017-11-19,2017,11,Injured Reserve,Shoulder,,
Matt Overton,JAX,ARI,2017-11-26,2017,12,Injured Reserve,Shoulder,,
Matt Overton,JAX,IND,2017-12-03,2017,13,Injured Reserve,Shoulder,,
Matt Overton,JAX,SEA,2017-12-10,2017,14,Injured Reserve,Shoulder,,
Matt Overton,JAX,HOU,2017-12-17,2017,15,Injured Reserve,Shoulder,,
Matt Overton,JAX,SFO,2017-12-24,2017,16,Injured Reserve,Shoulder,,
Matt Overton,JAX,TEN,2017-12-31,2017,17,Injured Reserve,Shoulder,,
