Player,Team,Opp,Date,Season,Week,Status,Injury,Specific_Inj,Side
Michael Mauti,NOR,DEN,2016-11-13,2016,10,Injured Reserve,Illness,,
Michael Mauti,NOR,CAR,2016-11-17,2016,11,Injured Reserve,Illness,,
Michael Mauti,NOR,LAR,2016-11-27,2016,12,Injured Reserve,Illness,,
Michael Mauti,NOR,DET,2016-12-04,2016,13,Injured Reserve,Illness,,
Michael Mauti,NOR,TAM,2016-12-11,2016,14,Injured Reserve,Illness,,
Michael Mauti,NOR,ARI,2016-12-18,2016,15,Injured Reserve,Illness,,
Michael Mauti,NOR,TAM,2016-12-24,2016,16,Injured Reserve,Illness,,
Michael Mauti,NOR,ATL,2017-01-01,2016,17,Injured Reserve,Illness,,
