Player,Team,Opp,Date,Season,Week,Status,Injury,Specific_Inj,Side
Will Sutton,CHI,DAL,2016-09-25,2016,3,Questionable,elbow,,
Will Sutton,CHI,NYG,2016-11-20,2016,11,Injured Reserve,Ankle,,
Will Sutton,CHI,TEN,2016-11-27,2016,12,Injured Reserve,Ankle,,
Will Sutton,CHI,SFO,2016-12-04,2016,13,Injured Reserve,Ankle,,
Will Sutton,CHI,DET,2016-12-11,2016,14,Injured Reserve,Ankle,,
Will Sutton,CHI,GNB,2016-12-18,2016,15,Injured Reserve,Ankle,,
Will Sutton,CHI,WAS,2016-12-24,2016,16,Injured Reserve,Ankle,,
Will Sutton,CHI,MIN,2017-01-01,2016,17,Injured Reserve,Ankle,,
