Player,Team,Opp,Date,Season,Week,Status,Injury,Specific_Inj,Side
Willie Snead,NOR,ATL,2016-09-26,2016,3,Questionable,toe,,
Willie Snead,NOR,SDG,2016-10-02,2016,4,Questionable,toe,,
Willie Snead,NOR,MIA,2017-10-01,2017,4,Questionable,Hamstring,,
Willie Snead,NOR,DET,2017-10-15,2017,6,Questionable,Hamstring,,
Willie Snead,NOR,GNB,2017-10-22,2017,7,Questionable,Hamstring,,
Willie Snead,BAL,PIT,2020-12-02,2020,12,C19,,,
Willie Snead,BAL,DAL,2020-12-08,2020,13,C19,,,
Willie Snead,BAL,CLE,2020-12-14,2020,14,C19,,,
Willie Snead,BAL,CIN,2021-01-03,2020,17,Questionable,Ankle,,
